integrante_consulta,consulta,tratamiento,referencia,evidencia_previa_recopilada,clasificacion_juan,clasificacion_camilo,clasificacion_final
Juan David,Acuerdo entre lectores en la gradación de estenosis lumbar por resonancia,A,"Schizas C, Theumann N, Burn A, et al. Qualitative grading of severity of lumbar spinal stenosis. Spine. 2010. DOI 10.1097/BRS.0b013e3181d359bd","Verificado real con búsqueda cruzada; muy citado, es la base de la clasificación Schizas.",Utilizable,Utilizable,Utilizable
Juan David,Acuerdo entre lectores en la gradación de estenosis lumbar por resonancia,A,"Lee S, Lee JW, Yeom JS, et al. A practical MRI grading system for lumbar foraminal stenosis. AJR. 2010. DOI 10.2214/AJR.09.2772","Verificado real, confirmado por fuente externa (base alemana).",Utilizable,Utilizable,Utilizable
Juan David,Acuerdo entre lectores en la gradación de estenosis lumbar por resonancia,A,"Lurie JD, Tosteson AN, Tosteson TD, et al. Reliability of readings of MRI features of lumbar spinal stenosis. Spine. 2008.",Verificado real; aparece citado en el propio paper de Bagley et al. (referencia 19).,Utilizable,Utilizable,Utilizable
Juan David,Acuerdo entre lectores en la gradación de estenosis lumbar por resonancia,A,"Park HJ, Kim SS, Lee YJ, et al. Clinical correlation of a new practical MRI method for assessing central lumbar spinal stenosis. Br J Radiol. 2013. DOI 10.1259/bjr.20120180",Verificado real (mismo artículo que salió también en Tratamiento B) - buscar si cuenta como duplicado entre tratamientos.,Utilizable,Utilizable,Utilizable
Juan David,Acuerdo entre lectores en la gradación de estenosis lumbar por resonancia,A,"Ko YJ, Lee E, Lee JW, et al. Clinical validity of two different grading systems for lumbar central canal stenosis: Schizas and Lee. PLoS One. 2020. DOI 10.1371/journal.pone.0233633",Verificado real con búsqueda cruzada.,Utilizable,Utilizable,Utilizable
Juan David,Acuerdo entre lectores en la gradación de estenosis lumbar por resonancia,B,"Park HJ, Kim SS, Lee YJ, et al. Clinical correlation of a new practical MRI method for assessing central lumbar spinal stenosis. Br J Radiol. 2013. PMC3635794","Verificado real por búsqueda directa - mismo artículo que apareció en A (duplicado entre tratamientos, es interesante anotarlo).",Utilizable,Utilizable,Utilizable
Juan David,Acuerdo entre lectores en la gradación de estenosis lumbar por resonancia,B,"Lønne G, Ødegård B, Johnsen LG, et al. MRI evaluation of lumbar spinal stenosis: is a rapid visual assessment as good as area measurement? Eur Spine J. 2014.",Verificado real por búsqueda directa.,Utilizable,Utilizable,Utilizable
Juan David,Acuerdo entre lectores en la gradación de estenosis lumbar por resonancia,B,"Interobserver Reliability between MRI, CT-myelogram and Myelogram in the Evaluation of Lumbar Spinal Stenosis. J Korean Orthop Assoc.","Encontrado en búsqueda, título y revista verificables, pero no se confirmaron autores exactos ni DOI - revisar antes de marcar Utilizable sin reservas.",Utilizable,Utilizable,Utilizable
Juan David,Acuerdo entre lectores en la gradación de estenosis lumbar por resonancia,B,"Sese NMD, Bisquera MTM. Assessing Lumbar Spinal Canal Stenosis on MRI Using Lee's Classification System. FEU-NRMF Journal. 2026.","Encontrado en búsqueda, revista institucional pequeña - vale la pena verificar acceso/existencia con más cuidado.",Utilizable,Utilizable,Utilizable
Juan David,Acuerdo entre lectores en la gradación de estenosis lumbar por resonancia,B,"Walsh P, et al. Classification system could improve MRI lumbar spinal stenosis grading. Academic Radiology (via auntminnie.com).","Es la misma referencia ya verificada y con nombres de autores corregidos en su propia bibliografía (Walsh, Lee, Lipetz, Walz).",Utilizable,Utilizable,Utilizable
Camilo,Modelos de aprendizaje profundo para degeneración lumbar con el dataset RSNA 2024,A,"Richards T, Talbott J, Ball R, Colak E, Flanders A, Vazirabad F. RSNA 2024 Lumbar Spine Degenerative Classification [Dataset]. Kaggle.","Competencia confirmada real, 1874 equipos coincide con dato verificado; Talbott confirmado como co-líder del grupo organizador.",Utilizable,Utilizable,Utilizable
Camilo,Modelos de aprendizaje profundo para degeneración lumbar con el dataset RSNA 2024,A,"Batra A, Gumber A, Kumar A. M-SCAN: A Multistage Framework for Lumbar Spinal Canal Stenosis Grading. arXiv:2503.01634","Verificado real, autores de IIIT-Delhi confirmados, y este mismo paper aparece citado dentro del PDF de Beyond Accuracy (doble confirmación).",Utilizable,Utilizable,Utilizable
Camilo,Modelos de aprendizaje profundo para degeneración lumbar con el dataset RSNA 2024,A,Lumbar Spine Degenerative Classification Using YOLO v8 and DeepScoreNet. medRxiv 2024.12.06.24318595,Verificado real - mismo artículo que apareció también en Tratamiento B (duplicado entre tratamientos).,Utilizable,Utilizable,Utilizable
Camilo,Modelos de aprendizaje profundo para degeneración lumbar con el dataset RSNA 2024,A,Deep Learning-Based Lumbar Spinal Canal Stenosis Classification Using MRI Scans. Medical Research Archives 13(7). DOI 10.18103/mra.v13i7.6660,Verificado real - mismo artículo que apareció también en Tratamiento B (duplicado entre tratamientos).,Utilizable,Utilizable,Utilizable
Camilo,Modelos de aprendizaje profundo para degeneración lumbar con el dataset RSNA 2024,A,"Richards T, et al. The RSNA Lumbar Degenerative Imaging Spine Classification (LumbarDISC) Dataset. Radiology: AI.","Verificado real repetidamente, es la referencia principal del propio anteproyecto.",Utilizable,Utilizable,Utilizable
Camilo,Modelos de aprendizaje profundo para degeneración lumbar con el dataset RSNA 2024,B,Lumbar Spine Degenerative Classification Using YOLO v8 and DeepScoreNet. medRxiv. 2024.12.06.24318595.,Verificado real por búsqueda directa.,Utilizable,Utilizable,Utilizable
Camilo,Modelos de aprendizaje profundo para degeneración lumbar con el dataset RSNA 2024,B,"Liu Y, Rashid J, Boulaaras SM, et al. Automated Lumbar Spine Degenerative Classification Using Deep Learning (MobileNetV2-UNet). 2025. DOI Springer s44196-025-01098-7",Verificado real por búsqueda directa.,Utilizable,Utilizable,Utilizable
Camilo,Modelos de aprendizaje profundo para degeneración lumbar con el dataset RSNA 2024,B,"Garcia de Celis G, Bukaita W. Deep Learning-Based Lumbar Spinal Canal Stenosis Classification Using MRI Scans.",Verificado real - mismo artículo que en Medical Research Archives arriba.,Utilizable,Utilizable,Utilizable
Camilo,Modelos de aprendizaje profundo para degeneración lumbar con el dataset RSNA 2024,B,Bilateral Attention-Based Classification of Spinal Degenerative Disease Patterns from Lumbar MRI Slices.,"Encontrado en búsqueda con descripción coherente, pero no se verificó DOI ni autores exactos - revisar con más cuidado antes de clasificar.",Utilizable,Utilizable,Utilizable
Camilo,Modelos de aprendizaje profundo para degeneración lumbar con el dataset RSNA 2024,B,"Richards T, Flanders AE, Colak E, et al. The RSNA LumbarDISC Dataset. Radiology: AI, 2026.","Verificado real repetidamente; cifra exacta confirmada (2697 pacientes, 8593 series, 8 instituciones, 6 países, 5 continentes).",Utilizable,Utilizable,Utilizable
Camilo,Modelos de aprendizaje profundo para degeneración lumbar con el dataset RSNA 2024,C,"NotebookLM: 5 pipelines de ViT, precisión 92.41%/85.92%/85.50%/82.00%/82.44% - Beyond Accuracy",Verificado línea por línea contra el PDF real (pdftotext) - números exactos.,Utilizable,Utilizable,Utilizable
Camilo,Modelos de aprendizaje profundo para degeneración lumbar con el dataset RSNA 2024,C,NotebookLM: métricas CLOA/PLOA 95.79%/92.60%/92.49%/90.33%/90.59% - Beyond Accuracy,Verificado línea por línea contra el PDF real - números exactos.,Utilizable,Utilizable,Utilizable
Camilo,Modelos de aprendizaje profundo para degeneración lumbar con el dataset RSNA 2024,C,"NotebookLM: M-SCAN de Batra et al., AUROC 0.971 sobre 1975 estudios","Verificado: es una cita de segundo nivel, el propio PDF de Beyond Accuracy menciona a M-SCAN en su revisión de literatura (confirmado en el texto extraído).",Utilizable,Utilizable,Utilizable
Camilo,Modelos de aprendizaje profundo para degeneración lumbar con el dataset RSNA 2024,C,"NotebookLM: descripción del dataset (2697 pacientes, 8593 series, 8 instituciones, 6 países)",Verificado exacto contra el PDF de LumbarDISC.,Utilizable,Utilizable,Utilizable
Camilo,Modelos de aprendizaje profundo para degeneración lumbar con el dataset RSNA 2024,C,NotebookLM (pregunta de control fuera del corpus): se abstuvo correctamente y mencionó dato verificable (Fundación Santa Fe de Bogotá como anotador),Comportamiento correcto: no inventó una prevalencia colombiana inexistente. Dato de la Fundación Santa Fe confirmado exacto en el PDF de LumbarDISC.,Utilizable,Utilizable,Utilizable
Juan David,Acuerdo entre lectores en la gradación de estenosis lumbar por resonancia,C,"NotebookLM: kappas de Al-Tameemi (0.40, 0.60, 0.33, 0.38, 0.57, 0.73, 0.56, 0.58)",Verificado exacto contra el PDF de Al-Tameemi (sí estaba en el corpus).,Utilizable,Utilizable,Utilizable
Juan David,Acuerdo entre lectores en la gradación de estenosis lumbar por resonancia,C,NotebookLM: consolidación de escala de 4 a 3 puntos - RSNA LumbarDISC,Verificado exacto contra el PDF de LumbarDISC.,Utilizable,Utilizable,Utilizable
Juan David,Acuerdo entre lectores en la gradación de estenosis lumbar por resonancia,C,"NotebookLM: kappas de 'sistema de gradación simplificado... expertos no radiólogos' (0.702, 0.544, 0.557, 0.323)","FALLO CONFIRMADO: son los valores reales de Miskin et al. 2021, pero ese PDF NO estaba en el notebook en el momento de esta consulta (se subió un día después). Ver inventario de fallos, Fallo 3 de Camilo.",Utilizable,Existe pero no dice eso,Existe pero no dice eso
Juan David,Acuerdo entre lectores en la gradación de estenosis lumbar por resonancia,C,"NotebookLM: estrategias para mejorar concordancia (MRM, consolidación de escalas, modelos de IA)",General y coherente con el contenido combinado de Al-Tameemi y RSNA LumbarDISC - revisar si hay una frase específica no respaldada.,Existe pero no dice eso,Utilizable,Utilizable
Juan David,Acuerdo entre lectores en la gradación de estenosis lumbar por resonancia,C,NotebookLM: discrepancia radiólogos vs. neurocirujanos (kappa 0.33-0.38 sin cambio con MRM),Verificado exacto contra el PDF de Al-Tameemi (Tabla 2 y 3).,Utilizable,Utilizable,Utilizable
